Lambda,Intensity
504.1799,0.0
504.552804636568,0.0
504.925663386272,0.0
505.29847624911196,0.0
505.67124322508795,0.0
506.04396431419997,0.0
506.41663951644796,0.0
506.789268831832,0.0
507.161852260352,0.0
507.5343898020079,0.0
507.90688145679997,0.0
508.279327224728,0.0
508.65172710579196,0.0
509.024081099992,0.0
509.396389207328,0.0
509.76865142779997,0.0
510.14086776140795,655.8019655172413
510.51303820815195,644.7288103448276
510.885162768032,672.9766551724138
511.257241441048,696.2528793103448
511.62927422719997,659.6436724137932
512.001261126488,670.4908448275862
512.373202138912,690.1513448275862
512.745097264472,700.546551724138
513.1169465031679,685.1797241379311
513.488749855,717.7212413793104
513.860507319968,737.1557586206897
514.232218898072,739.8675517241379
514.603884589312,731.054224137931
514.975504393688,738.963620689655
515.3470783111999,747.3249827586208
515.7186063418479,747.3249827586208
516.0900884856319,738.0596896551724
516.461524742552,738.0596896551724
516.8329151126079,742.3533620689656
517.2042595958,748.6808793103448
517.575558192128,758.1721551724138
517.946810901592,731.5061896551723
518.318017724192,768.1153965517242
518.689178659928,768.3413793103448
519.0602937088,765.1776206896552
519.431362870808,772.1830862068966
519.8023861459519,763.5957413793103
520.173363534232,759.9800172413794
520.5442950356479,764.4996724137931
520.9151806502,795.4593103448276
521.286020377888,774.4429137931036
521.6568142187119,777.3806896551725
522.027562172672,795.2333275862069
522.398264239768,774.4429137931035
522.76892042,780.7704310344828
523.139530713368,763.5957413793104
523.5100951198721,762.9177931034483
523.880613639512,752.2966034482758
524.2510862722879,752.9745517241379
524.6215130182,767.2114655172412
524.9918938772479,761.7878793103448
525.362228849432,751.3926724137931
525.732517934752,757.9461724137931
526.102761133208,759.0760862068965
526.4729584447999,758.8501034482758
526.843109869528,756.3642931034482
527.213215407392,754.5564310344828
527.583275058392,753.2005344827587
527.9532888225281,778.9625689655172
528.3232566997999,743.483275862069
528.6931786902079,762.9177931034482
529.0630547937519,763.5957413793103
529.432885010432,763.1437758620689
529.8026693402479,766.7595000000001
530.1724077832,766.7595
530.542100339288,756.590275862069
530.911747008512,755.2343793103448
531.281347790872,755.9123275862069
531.650902686368,771.2791551724139
532.020411695,744.6131896551724
532.389874816768,750.2627586206896
532.759292051672,773.313
533.128663399712,762.6918103448277
533.497988860888,758.6241206896552
533.8672684351999,776.4767586206897
534.236502122648,747.5509655172415
534.6056899232319,756.3642931034484
534.9748318369519,773.0870172413794
535.343927863808,769.4712931034481
535.7129780038,745.0651551724138
536.081982256928,757.7201896551725
536.450940623192,756.1383103448276
536.819853102592,755.9123275862069
537.1887196951279,773.7649655172413
537.5575404007999,773.5389827586207
537.9263152196079,752.0706206896552
538.2950441515519,750.4887413793103
538.663727196632,748.9068620689657
539.0323643548479,746.1950689655171
539.4009556262,765.4036034482759
539.769501010688,767.437448275862
540.138000508312,771.0531724137933
540.506454119072,755.9123275862069
540.874861842968,771.0531724137929
541.24322368,773.7649655172412
541.611539630168,766.9854827586207
541.9798096934719,769.9232586206897
542.3480338699119,764.2736896551725
542.7162121594879,780.7704310344827
543.0843445621999,781.4483793103449
543.452431078048,762.2398448275862
543.820471707032,767.2114655172413
544.188466449152,772.4090689655172
544.556415304408,768.5673620689655
544.9243182728,765.1776206896551
545.292175354328,781.6743620689655
545.659986548992,774.4429137931036
546.027751856792,766.7595
546.3954712777279,758.8501034482758
546.7631448118,760.6579655172415
547.130772459008,760.6579655172415
547.498354219352,757.0422413793103
547.8658900928319,753.2005344827587
548.233380079448,756.1383103448276
548.6008241792,779.4145344827587
548.968222392088,756.3642931034483
549.335574718112,783.0302586206897
549.702881157272,771.2791551724138
550.0701417095679,787.5499137931035
550.4373563749999,755.2343793103448
550.804525153568,787.097948275862
551.1716480452719,761.3359137931034
551.5387250501119,773.9909482758621
551.9057561680879,764.9516379310345
552.2727413992,773.0870172413794
552.639680743448,769.4712931034483
553.006574200832,780.7704310344827
553.373421771352,751.8446379310344
553.740223455008,783.9341896551723
554.1069792518,762.0138620689655
554.473689161728,776.4767586206897
554.840353184792,755.0083965517242
555.2069713209919,760.8839482758619
555.573543570328,771.2791551724138
555.9400699327999,768.1153965517241
556.3065504084079,775.3468448275861
556.672984997152,796.1372586206896
557.039373699032,763.821724137931
557.405716514048,751.6186551724138
557.7720134422,768.7933448275862
558.138264483488,769.697275862069
558.504469637912,766.9854827586207
558.8706289054719,772.6350517241378
559.2367422861679,772.635051724138
559.6028097799999,775.3468448275862
559.968831386968,764.2736896551725
560.3348071070719,767.2114655172414
560.7007369403119,773.313
561.0666208866879,771.7311206896552
561.4324589462,760.206
561.798251118848,771.0531724137932
562.163997404632,766.5335172413794
562.529697803552,766.7595000000001
562.895352315608,762.2398448275864
563.2609609408,780.0924827586207
563.6265236791279,756.590275862069
563.9920405305919,763.1437758620689
564.3575114951919,773.7649655172414
564.722936572928,772.8610344827587
565.0883157638,785.9680344827586
565.453649067808,768.7933448275862
565.818936484952,749.8107931034482
566.184178015232,769.6972758620691
566.549373658648,766.9854827586207
566.9145234152,776.4767586206897
567.2796272848881,769.2453103448277
567.6446852677119,767.6634310344828
568.0096973636719,766.5335172413794
568.374663572768,770.1492413793103
568.7395838949999,769.2453103448275
569.104458330368,757.0422413793104
569.4692868788719,765.1776206896552
569.834069540512,776.2507758620691
570.198806315288,758.1721551724138
570.5634972032,762.4658275862068
570.928142204248,787.0979482758621
571.292741318432,762.6918103448276
571.6572945457519,755.4603620689655
572.021801886208,752.7485689655173
572.3862633397999,775.3468448275862
572.7506789065279,776.7027413793104
573.1150485863919,776.250775862069
573.479372379392,762.9177931034483
573.8436502855279,766.3075344827587
574.2078823048,775.1208620689655
574.572068437208,761.1099310344828
574.936208682752,779.6405172413794
575.300303041432,761.3359137931035
575.664351513248,739.8675517241379
576.0283540982,763.3697586206896
576.3923107962879,765.1776206896551
576.756221607512,777.1547068965516
577.120086531872,760.6579655172413
577.483905569368,764.0477068965517
577.84767872,778.7365862068966
578.2114059837679,769.697275862069
578.575087360672,770.1492413793102
578.938722850712,744.161224137931
579.302312453888,785.7420517241379
579.6658561702,771.053172413793
580.029353999648,778.2846206896553
580.3928059422319,773.9909482758621
580.7562119979519,785.0641034482758
581.119572166808,768.7933448275862
581.4828864488,772.4090689655173
581.8461548439279,774.4429137931035
582.209377352192,768.7933448275862
582.572553973592,739.4155862068965
582.935684708128,778.9625689655172
583.2987695557999,775.7988103448276
583.661808516608,749.1328448275863
584.024801590552,762.2398448275862
584.387748777632,766.3075344827587
584.750650077848,766.9854827586206
585.1135054911999,764.4996724137931
585.476315017688,779.1885517241379
585.8390786573119,781.6743620689656
586.201796410072,773.5389827586207
586.564468275968,767.437448275862
586.9270942549999,763.5957413793104
587.289674347168,770.375224137931
587.652208552472,785.0641034482759
588.014696870912,762.2398448275862
588.377139302488,774.2169310344827
588.7395358472,778.9625689655172
589.1018865050479,764.7256551724138
589.4641912760319,771.2791551724138
589.8264501601519,772.1830862068964
590.188663157408,788.0018793103449
590.5508302677999,773.313
590.9129514913279,759.0760862068965
591.275026827992,771.9571034482759
591.637056277792,775.3468448275863
591.999039840728,765.8555689655173
592.3609775168,756.3642931034483
592.722869306008,769.9232586206897
593.0847152083519,780.9964137931034
593.4465152238321,778.7365862068966
593.808269352448,775.7988103448275
594.1699775942,761.3359137931035
594.5316399490879,776.7027413793104
594.893256417112,781.2223965517239
595.2548269982719,767.4374482758622
595.616351692568,774.6688965517241
595.9778305,787.5499137931035
596.339263420568,775.1208620689656
596.700650454272,771.2791551724138
597.061991601112,792.0695689655172
597.4232868610881,760.8839482758619
597.7845362341999,770.8271896551724
598.145739720448,770.375224137931
598.506897319832,768.7933448275862
598.8680090323519,773.3129999999999
599.229074858008,775.3468448275862
599.5900947967999,756.1383103448277
599.951068848728,766.5335172413794
600.3119970137919,771.5051379310345
600.672879291992,753.8784827586207
601.033715683328,765.1776206896552
601.3945061878001,763.821724137931
601.7552508054079,768.5673620689655
602.115949536152,752.2966034482758
602.476602380032,769.6972758620691
602.837209337048,777.1547068965517
603.1977704072,766.081551724138
603.5582855904879,769.4712931034483
603.918754886912,766.0815517241379
604.279178296472,762.465827586207
604.639555819168,765.4036034482758
604.999887455,751.1666896551723
605.360173203968,779.8664999999999
605.7204130660721,774.6688965517242
606.0806070413121,765.8555689655173
606.4407551296879,787.7758965517241
606.8008573312,791.8435862068966
607.1609136458479,775.7988103448275
607.5209240736319,763.3697586206896
607.880888614552,778.5106034482758
608.240807268608,775.5728275862069
608.6006800358,780.0924827586207
608.960506916128,769.697275862069
609.320287909592,771.2791551724138
609.680023016192,771.5051379310346
610.039712235928,761.3359137931035
610.3993555687999,778.2846206896552
610.758953014808,784.838120689655
611.1185045739519,789.1317931034483
611.478010246232,772.1830862068965
611.837470031648,781.2223965517243
612.1968839302,768.5673620689656
612.5562519418879,770.1492413793103
612.915574066712,754.5564310344828
613.274850304672,777.8326551724138
613.634080655768,792.2955517241379
613.99326512,774.2169310344827
614.352403697368,781.2223965517242
614.711496387872,772.6350517241378
615.0705431915119,757.0422413793104
615.4295441082879,771.7311206896551
615.7884991382,780.7704310344827
616.147408281248,775.7988103448276
616.506271537432,772.6350517241378
616.865088906752,765.8555689655173
617.223860389208,770.6012068965517
617.5825859848,775.3468448275862
617.941265693528,753.2005344827587
618.299899515392,753.8784827586207
618.658487450392,776.0247931034484
619.0170294985279,769.4712931034483
619.3755256597999,766.3075344827587
619.7339759342079,764.4996724137933
620.092380321752,778.7365862068966
620.450738822432,759.5280517241379
620.809051436248,771.5051379310345
621.1673181632,776.7027413793104
621.525539003288,783.2562413793103
621.883713956512,778.9625689655172
622.241843022872,778.2846206896552
622.599926202368,777.8326551724138
622.957963495,769.0193275862068
623.315954900768,766.5335172413793
623.6739004196719,753.6524999999999
624.0318000517119,772.1830862068965
624.389653796888,762.2398448275862
624.7474616551999,788.0018793103447
625.105223626648,764.7256551724138
625.462939711232,759.7540344827587
625.820609908952,760.6579655172412
626.178234219808,799.3010172413793
626.5358126438,757.7201896551725
626.893345180928,765.4036034482758
627.250831831192,764.9516379310345
627.6082725945919,769.697275862069
627.965667471128,762.2398448275861
628.3230164608,783.7082068965517
628.6803195636079,740.7714827586208
629.037576779552,760.6579655172413
629.3947881086319,775.7988103448276
629.7519535508479,760.4319827586208
630.1090731062,759.3020689655173
630.466146774688,778.7365862068966
630.823174556312,766.5335172413793
631.180156451072,774.4429137931035
631.5370924589679,768.3413793103448
631.89398258,776.4767586206896
632.2508268141679,767.4374482758622
632.6076251614719,768.1153965517243
632.9643776219119,778.9625689655172
633.321084195488,757.9461724137931
633.6777448821999,760.8839482758619
634.0343596820479,752.5225862068967
634.3909285950319,779.4145344827587
634.747451621152,765.6295862068965
635.103928760408,771.9571034482758
635.4603600127999,765.6295862068965
635.816745378328,777.606672413793
636.1730848569919,775.5728275862069
636.5293784487919,761.1099310344828
636.8856261537279,771.2791551724138
637.2418279717999,772.635051724138
637.597983903008,764.4996724137931
637.954093947352,768.3413793103448
638.310158104832,768.7933448275861
638.666176375448,772.8610344827587
639.0221487592,770.1492413793102
639.378075256088,773.0870172413793
639.7339558661121,766.0815517241379
640.089790589272,775.5728275862068
640.445579425568,769.697275862069
640.8013223749999,768.3413793103448
641.1570194375679,752.9745517241379
641.5126706132719,761.7878793103448
641.8682759021119,747.5509655172415
642.223835304088,745.2911379310345
642.5793488191999,765.4036034482758
642.934816447448,762.465827586207
643.290238188832,772.4090689655172
643.645614043352,765.1776206896551
644.000944011008,763.821724137931
644.3562280918001,752.7485689655173
644.711466285728,767.4374482758622
645.0666585927919,771.053172413793
645.421805012992,785.0641034482759
645.776905546328,772.4090689655171
646.1319601928,769.2453103448277
646.486968952408,767.2114655172414
646.841931825152,760.883948275862
647.1968488110319,774.4429137931033
647.551719910048,769.4712931034483
647.9065451222,757.268224137931
648.261324447488,772.1830862068965
648.6160578859119,767.4374482758622
648.970745437472,769.2453103448275
649.325387102168,772.1830862068965
649.6799828799999,772.8610344827586
650.034532770968,776.7027413793103
650.389036775072,775.1208620689656
650.743494892312,776.0247931034482
651.097907122688,766.3075344827587
651.4522734662,761.1099310344828
651.806593922848,777.3806896551724
652.1608684926321,773.0870172413794
652.5150971755519,781.9003448275862
652.8692799716081,771.5051379310345
653.2234168808,764.9516379310345
653.577507903128,761.7878793103449
653.9315530385919,760.206
654.285552287192,771.9571034482758
654.639505648928,752.5225862068964
654.9934131238,765.4036034482758
655.3472747118079,748.6808793103448
655.701090412952,779.4145344827585
656.054860227232,771.2791551724139
656.4085841546479,765.1776206896552
656.7622621952,778.0586379310346
657.1158943488879,780.544448275862
657.469480615712,769.697275862069
657.823020995672,762.0138620689653
658.1765154887679,773.990948275862
658.529964095,752.2966034482758
658.883366814368,758.8501034482758
659.236723646872,754.1044655172415
659.590034592512,752.5225862068966
659.943299651288,778.0586379310345
660.2965188232,769.4712931034484
660.649692108248,763.8217241379309
661.0028195064319,760.6579655172415
661.355901017752,752.5225862068966
661.708936642208,767.8894137931035
662.0619263798,763.8217241379309
662.414870230528,766.7594999999999
662.7677681943919,755.0083965517242
663.120620271392,764.2736896551723
663.473426461528,764.0477068965517
663.8261867648,763.1437758620689
664.178901181208,779.6405172413794
664.531569710752,752.9745517241379
664.8841923534319,762.6918103448276
665.236769109248,758.6241206896552
665.5892999782,772.4090689655173
665.9417849602879,773.0870172413793
666.2942240555119,764.2736896551725
666.6466172638719,759.9800172413793
666.998964585368,770.8271896551724
667.3512660199999,756.5902758620689
667.703521567768,767.4374482758622
668.055731228672,770.6012068965517
668.407895002712,775.5728275862068
668.760012889888,770.6012068965516
669.1120848902,768.5673620689654
669.4641110036479,770.1492413793103
669.816091230232,773.313
670.168025569952,749.8107931034483
670.5199140228079,776.4767586206897
670.8717565887999,755.6863448275863
671.223553267928,770.8271896551724
671.575304060192,757.0422413793104
671.927008965592,760.206
672.278667984128,763.1437758620689
672.6302811158,762.2398448275862
672.981848360608,775.5728275862069
673.3333697185519,749.1328448275862
673.684845189632,755.9123275862069
674.0362747738479,771.7311206896551
674.3876584712,760.4319827586207
674.738996281688,765.6295862068966
675.0902882053119,761.1099310344828
675.441534242072,752.0706206896551
675.792734391968,743.7092586206898
676.143888655,750.4887413793103
676.4949970311679,749.1328448275862
676.846059520472,766.5335172413794
677.1970761229119,784.838120689655
677.5480468384881,759.3020689655172
677.8989716671999,759.3020689655173
678.2498506090479,746.6470344827587
678.600683664032,768.3413793103449
678.9514708321519,764.7256551724139
679.3022121134079,743.9352413793102
679.6529075077999,757.0422413793104
680.0035570153279,777.8326551724138
680.354160635992,747.3249827586208
680.704718369792,739.8675517241379
681.055230216728,766.5335172413793
681.4056961768,759.9800172413793
681.756116250008,750.4887413793105
682.106490436352,744.3872068965518
682.4568187358319,751.6186551724138
682.8071011484479,763.3697586206897
683.1573376742,765.1776206896552
683.507528313088,737.3817413793104
683.857673065112,750.4887413793103
684.207771930272,764.4996724137931
684.557824908568,758.1721551724138
684.907832,762.6918103448274
685.257793204568,767.8894137931036
685.6077085222719,760.8839482758619
685.957577953112,750.714724137931
686.3074014970879,768.115396551724
686.6571791542,751.3926724137931
687.006910924448,744.6131896551725
687.3565968078319,768.5673620689655
687.706236804352,781.4483793103449
688.055830914008,769.9232586206896
688.4053791368,760.2060000000001
688.754881472728,772.6350517241381
689.104337921792,769.697275862069
689.4537484839921,753.6525
689.8031131593281,753.6525
690.1524319477999,762.6918103448276
690.501704849408,762.9177931034482
690.8509318641519,762.6918103448277
691.2001129920319,751.6186551724138
691.5492482330479,762.2398448275862
691.8983375872,752.2966034482758
692.247381054488,771.053172413793
692.596378634912,777.1547068965517
692.945330328472,772.4090689655172
693.294236135168,752.7485689655174
693.643096055,746.6470344827587
693.9919100879679,755.0083965517242
694.340678234072,736.4778103448276
694.689400493312,748.6808793103448
695.0380768656879,755.0083965517241
695.3867073511999,745.7431034482759
695.7352919498479,760.4319827586207
696.083830661632,777.6066724137931
696.4323234865519,785.5160689655172
696.780770424608,761.7878793103448
697.1291714758,761.3359137931035
697.477526640128,760.206
697.825835917592,774.4429137931032
698.174099308192,782.1263275862069
698.5223168119279,752.9745517241379
698.8704884288001,760.4319827586207
699.2186141588079,758.3981379310345
699.566694001952,766.9854827586207
699.914727958232,748.4548965517241
700.2627160276479,765.4036034482758
700.6106582102,754.7824137931036
700.958554505888,764.9516379310345
701.306404914712,769.0193275862069
701.654209436672,776.2507758620691
702.001968071768,752.9745517241379
702.3496808199999,773.5389827586206
702.697347681368,764.0477068965517
703.0449686558719,760.883948275862
703.392543743512,767.6634310344829
703.7400729442879,765.1776206896552
704.0875562581999,770.6012068965517
704.434993685248,771.0531724137932
704.782385225432,760.4319827586207
705.129730878752,771.7311206896551
705.477030645208,749.3588275862069
705.8242845248,774.6688965517241
706.1714925175279,764.0477068965516
706.518654623392,755.9123275862069
706.865770842392,745.9690862068965
707.212841174528,748.2289137931035
707.5598656197999,761.3359137931034
707.906844178208,764.0477068965517
708.253776849752,771.9571034482758
708.600663634432,767.8894137931035
708.947504532248,767.6634310344828
709.2942995431999,761.7878793103448
709.641048667288,742.5793448275863
709.987751904512,747.099
710.334409254872,768.1153965517242
710.6810207183679,779.8665
711.027586295,776.4767586206897
711.3741059847679,750.7147241379311
711.7205797876719,778.7365862068966
712.067007703712,772.1830862068965
712.4133897328879,764.0477068965517
712.7597258751999,766.9854827586207
713.106016130648,765.4036034482758
713.452260499232,744.161224137931
713.798458980952,776.7027413793103
714.144611575808,775.1208620689655
714.4907182837999,767.6634310344826
714.836779104928,751.8446379310344
715.1827940391919,754.330448275862
715.5287630865919,772.4090689655172
715.8746862471279,759.7540344827587
716.2205635207999,757.268224137931
716.5663949076079,769.0193275862068
716.912180407552,764.4996724137931
717.257920020632,744.839172413793
717.6036137468479,773.7649655172413
717.9492615862,764.4996724137931
718.294863538688,755.008396551724
718.640419604312,762.2398448275862
718.9859297830719,766.7594999999999
719.331394074968,751.8446379310345
719.67681248,769.2453103448275
720.022184998168,746.6470344827585
720.3675116294719,754.7824137931034
720.712792373912,755.912327586207
721.0580272314879,762.9177931034484
721.4032162021999,781.2223965517243
721.748359286048,769.9232586206897
722.093456483032,771.0531724137932
722.438507793152,758.1721551724138
722.7835132164079,756.5902758620689
723.1284727528,762.9177931034483
723.473386402328,744.6131896551725
723.8182541649919,753.8784827586207
724.1630760407919,757.7201896551724
724.5078520297279,746.1950689655172
724.8525821318,761.3359137931035
725.1972663470079,760.4319827586207
725.5419046753519,765.6295862068965
725.886497116832,750.2627586206896
726.231043671448,761.5618965517242
726.5755443392,748.2289137931036
726.919999120088,759.0760862068967
727.264408014112,762.239844827586
727.6087710212719,749.8107931034483
727.953088141568,765.1776206896551
728.2973593749999,756.1383103448275
728.6415847215679,750.714724137931
728.985764181272,760.883948275862
729.3298977541119,739.4155862068966
729.673985440088,766.081551724138
730.0180272392,766.081551724138
730.3620231514479,746.6470344827586
730.705973176832,765.8555689655171
731.0498773153519,762.0138620689655
731.393735567008,764.0477068965517
731.7375479317999,743.7092586206896
732.081314409728,746.4210517241379
732.4250350007919,767.4374482758622
732.7687097049919,768.5673620689656
733.112338522328,750.9407068965518
733.4559214528,772.8610344827587
733.799458496408,768.1153965517241
734.142949653152,773.5389827586207
734.486394923032,764.2736896551723
734.8297943060479,762.2398448275862
735.1731478022,769.4712931034481
735.5164554114879,779.4145344827587
735.8597171339119,748.6808793103448
736.2029329694719,771.5051379310346
736.5461029181679,773.0870172413794
736.88922698,744.6131896551725
737.232305154968,758.8501034482758
737.5753374430719,757.946172413793
737.918323844312,763.5957413793104
738.261264358688,756.590275862069
738.6041589862,766.9854827586207
738.947007726848,766.7594999999999
739.2898105806319,767.2114655172414
739.6325675475521,776.7027413793103
739.975278627608,748.2289137931034
740.3179438207999,772.4090689655172
740.660563127128,756.1383103448277
741.0031365465919,761.1099310344828
741.3456640791919,737.1557586206897
741.688145724928,751.392672413793
742.0305814838,759.528051724138
742.372971355808,767.8894137931036
742.715315340952,781.6743620689656
743.0576134392319,764.4996724137932
743.399865650648,780.3184655172414
743.7420719751999,758.1721551724138
744.0842324128879,746.8730172413792
744.4263469637119,750.4887413793103
744.768415627672,767.437448275862
745.1104384047679,755.0083965517242
745.4524152949999,787.0979482758621
745.7943462983679,776.0247931034482
746.136231414872,772.1830862068966
746.478070644512,773.9909482758621
746.819863987288,763.3697586206897
747.1616114432001,776.0247931034482
747.5033130122479,754.7824137931034
747.844968694432,768.7933448275861
748.1865784897519,750.2627586206897
748.5281423982079,770.1492413793103
748.8696604198,773.5389827586207
749.2111325545279,752.0706206896551
749.552558802392,763.3697586206897
749.893939163392,756.8162586206898
750.2352736375279,779.6405172413795
750.5765622247999,780.7704310344828
750.917804925208,760.6579655172415
751.2590017387519,770.8271896551723
751.600152665432,773.0870172413793
751.941257705248,745.0651551724138
752.2823168582,767.6634310344829
752.6233301242879,773.990948275862
752.964297503512,763.5957413793103
753.305218995872,748.0029310344828
753.646094601368,771.7311206896553
753.98692432,757.7201896551724
754.327708151768,759.9800172413793
754.668446096672,778.7365862068966
755.0091381547119,764.4996724137931
755.349784325888,765.8555689655171
755.6903846101999,770.1492413793103
756.030939007648,773.990948275862
756.3714475182319,751.1666896551725
756.711910141952,759.3020689655173
757.052326878808,780.3184655172414
757.3926977287999,760.2059999999999
757.733022691928,768.5673620689654
758.073301768192,770.6012068965517
758.413534957592,759.528051724138
758.7537222601279,769.697275862069
759.0938636758,767.6634310344828
759.433959204608,748.6808793103448
759.7740088465521,768.3413793103449
760.1140126016319,768.3413793103448
760.4539704698481,771.2791551724139
760.7938824511999,765.1776206896551
761.1337485456879,746.1950689655172
761.473568753312,755.9123275862069
761.813343074072,740.3195172413793
762.153071507968,771.7311206896553
762.492754055,757.268224137931
762.832390715168,773.990948275862
763.1719814884719,759.9800172413793
763.511526374912,777.1547068965517
763.8510253744879,765.6295862068964
764.1904784872,762.9177931034482
764.529885713048,749.1328448275863
764.8692470520319,771.9571034482758
765.2085625041519,764.7256551724138
765.547832069408,764.4996724137932
765.8870557478,770.3752241379311
766.226233539328,749.5848103448277
766.5653654439919,757.2682241379312
766.9044514617918,785.7420517241379
767.243491592728,765.4036034482759
767.5824858368,746.4210517241379
767.921434194008,771.7311206896551
768.2603366643519,765.8555689655171
768.599193247832,766.9854827586207
768.9380039444479,763.3697586206897
769.2767687541999,760.883948275862
769.6154876770879,764.2736896551723
769.954160713112,748.6808793103448
770.292787862272,768.1153965517242
770.6313691245679,754.7824137931035
770.9699045,768.3413793103448
771.3083939885679,773.3130000000001
771.6468375902721,770.6012068965517
771.9852353051119,760.6579655172415
772.323587133088,759.0760862068967
772.6618930742,773.5389827586207
773.0001531284479,757.9461724137932
773.338367295832,766.7594999999999
773.676535576352,758.8501034482758
774.014657970008,754.330448275862
774.3527344768,751.3926724137931
774.690765096728,759.5280517241379
775.0287498297919,766.0815517241379
775.366688675992,753.6525
775.7045816353279,747.3249827586206
776.0424287078,769.4712931034483
776.3802298934079,763.3697586206896
776.7179851921519,783.2562413793103
777.0556946040319,761.3359137931033
777.393358129048,744.1612241379311
777.7309757672,773.5389827586207
778.068547518488,759.9800172413792
778.406073382912,763.3697586206897
778.7435533604719,781.9003448275864
779.080987451168,770.3752241379309
779.4183756549999,759.3020689655172
779.755717971968,765.4036034482758
780.093014402072,748.6808793103447
780.430264945312,774.6688965517241
780.7674696016879,745.5171206896553
781.1046283712,774.2169310344827
781.4417412538479,759.7540344827586
781.778808249632,750.714724137931
782.115829358552,774.2169310344827
782.452804580608,762.6918103448276
782.7897339158,753.2005344827585
783.1266173641279,757.7201896551724
783.463454925592,776.928724137931
783.8002466001919,737.8337068965517
784.136992387928,762.239844827586
784.4736922888,753.4265172413793
784.810346302808,776.9287241379311
785.146954429952,766.9854827586207
785.483516670232,774.6688965517243
785.820033023648,760.4319827586206
786.1565034902,766.7594999999999
786.492928069888,758.8501034482758
786.8293067627119,752.7485689655172
787.165639568672,772.4090689655173
787.501926487768,766.3075344827587
787.8381675200001,747.3249827586208
788.1743626653679,742.1273793103448
788.5105119238721,765.6295862068965
788.8466152955119,772.1830862068966
789.1826727802879,757.4942068965518
789.5186843782,776.0247931034482
789.854650089248,755.686344827586
790.190569913432,760.2059999999999
790.5264438507519,763.5957413793104
790.862271901208,757.7201896551724
791.1980540647999,753.8784827586209
791.5337903415281,769.9232586206897
791.869480731392,754.7824137931035
792.2051252343921,758.3981379310346
792.5407238505279,766.7594999999999
792.8762765798,754.3304482758621
793.211783422208,763.1437758620689
793.547244377752,748.680879310345
793.882659446432,740.5455
794.218028628248,781.222396551724
794.5533519232,765.4036034482758
794.8886293312879,752.974551724138
795.223860852512,754.1044655172414
795.5590464868719,741.223448275862
795.894186234368,756.3642931034483
796.2292800949999,747.099
796.564328068768,757.0422413793103
796.8993301556719,753.4265172413793
797.2342863557119,769.0193275862069
797.5691966688879,757.0422413793103
797.9040610952,750.4887413793102
798.238879634648,750.7147241379312
798.5736522872319,765.6295862068966
798.908379052952,766.5335172413794
799.2430599318079,767.6634310344828
799.5776949238,735.1219137931035
799.912284028928,767.6634310344828
800.2468272471921,773.5389827586207
800.581324578592,752.5225862068964
800.9157760231279,771.9571034482758
801.2501815807999,781.6743620689656
801.584541251608,762.0138620689655
801.9188550355519,765.1776206896552
802.253122932632,766.3075344827587
802.587344942848,778.9625689655171
802.9215210662,755.2343793103448
803.255651302688,762.465827586207
803.5897356523119,764.7256551724138
803.923774115072,775.7988103448276
804.257766690968,754.1044655172415
804.59171338,765.6295862068965
804.9256141821679,764.499672413793
805.259469097472,779.8665
805.593278125912,743.2572931034483
805.927041267488,746.6470344827587
806.2607585222,750.9407068965517
806.5944298900479,762.4658275862068
806.928055371032,759.0760862068967
807.2616349651519,786.8719655172414
807.595168672408,755.4603620689654
807.9286564928,767.6634310344829
808.2620984263281,764.4996724137931
808.595494472992,759.7540344827586
808.928844632792,760.6579655172413
809.2621489057279,759.3020689655172
809.5954072917999,768.1153965517241
809.928619791008,760.8839482758622
810.261786403352,779.4145344827587
810.594907128832,763.5957413793103
810.9279819674479,755.4603620689655
811.2610109192,754.7824137931035
811.5939939840879,776.9287241379311
811.926931162112,767.6634310344828
812.2598224532719,763.5957413793103
812.5926678575679,760.206
812.9254673749999,767.2114655172413
813.258221005568,748.9068620689656
813.5909287492719,757.4942068965518
813.9235906061119,755.6863448275863
814.256206576088,758.8501034482758
814.5887766591999,760.206
814.921300855448,759.0760862068967
815.2537791648319,760.4319827586206
815.5862115873521,745.7431034482759
815.9185981230079,774.6688965517242
816.2509387718,763.821724137931
816.5832335337279,763.3697586206897
816.915482408792,757.7201896551722
817.247685396992,750.4887413793103
817.5798424983279,746.6470344827586
817.9119537128,744.3872068965518
818.2440190404079,757.0422413793102
818.576038481152,763.8217241379309
818.9080120350319,776.928724137931
819.239939702048,749.8107931034483
819.5718214821999,783.2562413793104
819.903657375488,769.6972758620689
820.235447381912,754.7824137931035
820.5671915014719,735.347896551724
820.8988897341679,773.5389827586207
821.23054208,764.9516379310345
821.562148538968,773.0870172413793
821.893709111072,770.6012068965517
822.225223796312,751.1666896551725
822.5566925946879,764.9516379310344
822.8881155062,771.053172413793
823.2194925308479,743.4832758620689
823.550823668632,755.4603620689655
823.8821089195519,767.437448275862
824.213348283608,756.590275862069
824.5445417607999,763.3697586206897
824.8756893511279,751.1666896551724
825.2067910545919,750.714724137931
825.537846871192,759.0760862068967
825.868856800928,755.0083965517241
826.1998208437999,755.9123275862069
826.530738999808,740.9974655172413
826.861611268952,769.4712931034483
827.192437651232,784.3861551724137
827.5232181466479,759.9800172413792
827.8539527552,754.5564310344828
828.1846414768879,761.3359137931034
828.515284311712,764.7256551724138
828.845881259672,750.714724137931
829.176432320768,758.8501034482758
829.506937495,769.9232586206897
829.8373967823679,776.0247931034482
830.167810182872,772.4090689655173
830.4981776965119,761.3359137931035
830.828499323288,759.5280517241379
831.1587750631999,760.6579655172413
831.4890049162481,755.008396551724
831.819188882432,753.2005344827587
832.149326961752,766.7594999999999
832.4794191542079,770.1492413793105
832.8094654598,757.9461724137932
833.139465878528,750.0367758620689
833.469420410392,764.2736896551726
833.799329055392,756.1383103448275
834.1291918135279,760.6579655172413
834.4590086848,768.3413793103448
834.7887796692079,771.053172413793
835.118504766752,764.9516379310344
835.4481839774319,778.7365862068965
835.7778173012481,747.099
836.1074047382,760.6579655172415
836.4369462882879,764.9516379310345
836.766441951512,765.8555689655171
837.095891727872,761.3359137931035
837.425295617368,755.4603620689657
837.75465362,769.2453103448277
838.083965735768,762.465827586207
838.4132319646719,747.776948275862
838.742452306712,747.099
839.071626761888,772.635051724138
839.4007553302,770.8271896551724
839.729838011648,754.1044655172414
840.058874806232,759.9800172413793
840.3878657139519,762.2398448275861
840.716810734808,748.9068620689656
841.0457098687999,762.6918103448277
841.374563115928,762.9177931034483
841.7033704761919,765.8555689655173
842.0321319495919,770.375224137931
842.360847536128,780.3184655172414
842.6895172357999,772.1830862068966
843.0181410486081,750.714724137931
843.3467189745519,768.1153965517242
843.675251013632,764.9516379310345
844.003737165848,766.9854827586207
844.3321774312,768.1153965517242
844.660571809688,773.5389827586207
844.988920301312,761.3359137931035
845.317222906072,749.5848103448276
845.6454796239678,763.1437758620691
845.973690455,753.6524999999999
846.301855399168,758.6241206896551
846.629974456472,771.9571034482758
846.9580476269119,782.1263275862068
847.2860749104881,738.0596896551724
847.6140563071999,764.4996724137931
847.9419918170479,764.0477068965517
848.2698814400319,763.5957413793103
848.5977251761519,782.804275862069
848.925523025408,774.2169310344827
849.2532749878,764.9516379310346
849.580981063328,774.4429137931035
849.9086412519919,767.8894137931035
850.236255553792,761.1099310344829
850.5638239687279,759.5280517241379
850.8913464968,749.5848103448277
851.2188231380079,759.3020689655173
851.546253892352,755.2343793103449
851.8736387598319,767.8894137931035
852.2009777404479,736.9297758620689
852.5282708341999,778.7365862068966
852.855518041088,750.4887413793103
853.1827193611119,759.528051724138
853.5098747942719,763.143775862069
853.836984340568,750.7147241379311
854.1640479999999,765.4036034482758
854.491065772568,767.8894137931036
854.8180376582719,768.5673620689656
855.144963657112,762.4658275862068
855.471843769088,766.9854827586207
855.7986779941999,762.6918103448276
856.1254663324479,772.4090689655172
856.452208783832,754.5564310344828
856.7789053483519,758.6241206896551
857.105556026008,762.2398448275862
857.4321608168,771.7311206896551
857.7587197207279,771.0531724137929
858.085232737792,755.6863448275861
858.411699867992,746.4210517241379
858.738121111328,771.7311206896552
859.0644964677999,759.0760862068967
859.390825937408,761.3359137931035
859.7171095201519,767.4374482758619
860.043347216032,760.4319827586207
860.369539025048,758.6241206896552
860.6956849472,747.3249827586208
861.021784982488,767.2114655172413
861.3478391309119,764.4996724137932
861.673847392472,751.392672413793
861.9998097671679,766.081551724138
862.3257262550001,761.5618965517242
862.6515968559679,751.6186551724138
862.9774215700719,757.0422413793103
863.3032003973119,752.5225862068966
863.628933337688,762.0138620689656
863.9546203911999,775.7988103448275
864.280261557848,748.4548965517241
864.605856837632,769.9232586206896
864.9314062305518,762.0138620689655
865.256909736608,761.5618965517241
865.5823673557999,765.4036034482758
865.907779088128,766.5335172413793
866.2331449335919,749.5848103448277
866.558464892192,769.697275862069
866.883738963928,761.7878793103448
867.2089671488,771.2791551724138
867.534149446808,782.804275862069
867.8592858579519,762.0138620689655
868.184376382232,748.9068620689654
868.509421019648,763.5957413793104
868.8344197701999,771.5051379310346
869.1593726338879,764.7256551724138
869.4842796107121,764.0477068965517
869.809140700672,774.2169310344827
870.1339559037681,749.5848103448276
870.4587252199999,750.9407068965518
870.783448649368,767.4374482758619
871.108126191872,761.7878793103448
871.432757847512,758.8501034482758
871.7573436162879,764.9516379310346
872.0818834982,758.1721551724138
872.406377493248,752.7485689655173
872.7308256014319,757.0422413793103
873.055227822752,752.974551724138
873.3795841572079,750.4887413793103
873.7038946048,773.9909482758621
874.0281591655279,763.821724137931
874.352377839392,778.7365862068966
874.676550626392,759.7540344827587
875.000677526528,753.6524999999999
875.3247585398,763.821724137931
875.648793666208,757.4942068965519
875.972782905752,757.9461724137931
876.2967262584319,753.6524999999999
876.6206237242479,755.9123275862069
876.9444753031999,757.4942068965518
877.268280995288,765.1776206896552
877.5920408005119,752.070620689655
877.915754718872,774.6688965517242
878.2394227503679,755.9123275862069
878.563044895,750.0367758620689
878.8866211527679,763.1437758620689
879.2101515236719,784.160172413793
879.533636007712,757.946172413793
879.857074604888,765.6295862068966
880.1804673152,771.0531724137929
880.5038141386478,784.3861551724137
880.827115075232,761.7878793103449
881.1503701249519,767.4374482758622
881.473579287808,767.6634310344828
881.7967425638,757.7201896551725
882.119859952928,745.9690862068965
882.4429314551919,757.0422413793104
882.765957070592,761.7878793103448
883.088936799128,752.0706206896552
883.4118706408,778.7365862068966
883.734758595608,762.4658275862068
884.057600663552,770.1492413793103
884.380396844632,771.7311206896552
884.7031471388478,778.2846206896553
885.0258515462,768.5673620689655
885.3485100666879,762.0138620689656
885.671122700312,785.9680344827586
885.9936894470719,764.7256551724138
886.316210306968,762.6918103448276
886.6386852799999,771.5051379310346
886.961114366168,757.9461724137931
887.283497565472,758.1721551724138
887.605834877912,766.3075344827587
887.9281263034879,762.465827586207
888.2503718421999,767.2114655172413
888.572571494048,762.6918103448276
888.8947252590319,747.7769482758621
889.216833137152,755.2343793103448
889.538895128408,763.8217241379309
889.8609112327999,758.1721551724138
890.182881450328,770.3752241379311
890.504805780992,776.250775862069
890.826684224792,771.0531724137932
891.148516781728,766.5335172413794
891.4703034518,751.1666896551724
891.7920442350079,776.250775862069
892.113739131352,762.0138620689655
892.435388140832,769.9232586206897
892.7569912634481,752.9745517241379
893.0785484991999,757.0422413793103
893.4000598480881,772.8610344827587
893.7215253101119,757.7201896551726
894.0429448852719,771.053172413793
894.364318573568,775.1208620689655
894.6856463749999,762.6918103448277
895.006928289568,758.6241206896551
895.328164317272,764.0477068965517
895.6493544581119,742.8053275862069
895.9704987120879,782.5782931034482
896.2915970792,776.4767586206897
896.6126495594478,760.4319827586207
896.933656152832,762.6918103448276
897.2546168593519,767.6634310344829
897.5755316790079,757.9461724137931
897.8964006117999,758.6241206896552
898.2172236577279,752.5225862068966
898.538000816792,752.5225862068966
898.8587320889919,750.4887413793103
899.179417474328,752.7485689655173
899.5000569727998,765.4036034482758
899.820650584408,754.7824137931034
900.141198309152,751.3926724137932
900.461700147032,745.9690862068967
900.782156098048,764.7256551724138
901.1025661622,762.6918103448276
901.422930339488,764.2736896551723
901.7432486299119,763.3697586206896
902.0635210334719,757.7201896551724
902.383747550168,751.6186551724138
902.7039281799999,760.4319827586206
903.024062922968,753.4265172413793
903.344151779072,760.4319827586206
903.6641947483118,753.6524999999999
903.984191830688,758.3981379310344
904.3041430261999,754.3304482758622
904.624048334848,756.1383103448276
904.9439077566319,752.2966034482758
905.263721291552,779.6405172413793
905.583488939608,753.8784827586206
905.9032107008,770.6012068965517
906.222886575128,746.4210517241379
906.542516562592,755.9123275862069
906.862100663192,763.3697586206897
907.1816388769279,765.8555689655173
907.5011312038,774.2169310344827
907.820577643808,751.392672413793
908.139978196952,765.1776206896552
908.4593328632319,748.2289137931035
908.778641642648,764.9516379310345
909.0979045352,743.0313103448276
909.4171215408879,766.3075344827587
909.7362926597119,760.4319827586207
910.0554178916719,775.5728275862068
910.374497236768,756.1383103448277
910.6935306949998,754.5564310344828
911.012518266368,759.9800172413793
911.3314599508719,760.8839482758619
911.650355748512,757.0422413793104
911.9692056592879,783.0302586206897
912.2880096832,753.2005344827587
912.6067678202479,738.285672413793
912.925480070432,754.330448275862
913.2441464337519,762.4658275862068
913.562766910208,752.9745517241379
913.8813414998,773.5389827586207
914.199870202528,750.2627586206896
914.518353018392,745.5171206896551
914.8367899473919,772.8610344827586
915.155180989528,763.3697586206896
915.4735261447998,775.5728275862068
915.791825413208,772.635051724138
916.1100787947519,764.2736896551725
916.428286289432,770.6012068965517
916.7464478972479,777.1547068965517
917.0645636181999,760.6579655172412
917.3826334522879,749.8107931034482
917.700657399512,749.5848103448277
918.018635459872,772.635051724138
918.3365676333678,751.1666896551725
918.65445392,752.2966034482758
918.9722943197679,765.6295862068964
919.290088832672,760.4319827586206
919.6078374587119,752.0706206896551
919.925540197888,777.3806896551725
920.2431970501999,761.1099310344828
920.5608080156479,770.3752241379311
920.878373094232,758.6241206896551
921.1958922859519,760.883948275862
921.513365590808,760.8839482758619
921.8307930088,758.1721551724138
922.1481745399279,747.7769482758621
922.4655101841919,762.0138620689656
922.782799941592,774.668896551724
923.1000438121279,755.2343793103449
923.4172417958,751.1666896551725
923.734393892608,766.5335172413793
924.0515001025519,784.8381206896552
924.3685604256319,769.697275862069
924.685574861848,757.7201896551725
925.0025434112,748.9068620689656
925.319466073688,754.1044655172415
925.636342849312,759.528051724138
925.9531737380719,772.1830862068966
926.269958739968,747.5509655172414
926.5866978549999,756.8162586206897
926.903391083168,748.2289137931034
927.2200384244719,764.2736896551725
927.5366398789121,776.250775862069
927.8531954464879,761.561896551724
928.1697051271999,777.3806896551725
928.4861689210479,761.3359137931034
928.802586828032,770.1492413793103
929.1189588481519,756.3642931034484
929.435284981408,756.1383103448276
929.7515652278,759.3020689655172
930.0677995873278,757.946172413793
930.383988059992,766.7595
930.7001306457919,747.776948275862
931.016227344728,781.2223965517242
931.3322781567999,766.081551724138
931.648283082008,752.2966034482758
931.964242120352,769.697275862069
932.280155271832,769.4712931034483
932.596022536448,765.8555689655171
932.9118439142,747.3249827586208
933.227619405088,761.3359137931034
933.5433490091119,761.7878793103448
933.859032726272,758.3981379310344
934.1746705565679,758.8501034482758
934.4902625,748.2289137931035
934.805808556568,766.9854827586206
935.1213087262719,740.0935344827585
935.4367630091119,752.9745517241379
935.7521714050879,777.8326551724138
936.0675339142,762.9177931034483
936.3828505364479,767.8894137931035
936.698121271832,755.2343793103448
937.0133461203519,746.8730172413793
937.328525082008,761.3359137931034
937.6436581567999,761.5618965517241
937.958745344728,765.8555689655174
938.2737866457919,765.4036034482759
938.588782059992,750.9407068965518
938.9037315873279,761.3359137931033
939.2186352278,757.7201896551725
939.5334929814079,750.0367758620689
939.848304848152,742.5793448275863
940.163070828032,764.4996724137931
940.4777909210479,771.2791551724137
940.7924651272,754.3304482758621
941.1070934464879,758.8501034482758
941.421675878912,769.9232586206897
941.7362124244719,750.4887413793102
942.0507030831681,767.6634310344828
942.3651478549999,750.9407068965518
942.6795467399679,758.1721551724138
942.993899738072,768.7933448275861
943.308206849312,776.0247931034482
943.622468073688,755.0083965517241
943.9366834112,778.7365862068965
944.250852861848,768.1153965517242
944.5649764256318,759.3020689655174
944.879054102552,756.8162586206897
945.1930858926079,761.5618965517242
945.5070717958,763.8217241379309
945.821011812128,765.8555689655174
946.134905941592,774.8948793103449
946.4487541841919,742.8053275862069
946.7625565399279,750.9407068965517
947.0763130088,747.099
947.3900235908079,740.3195172413792
947.703688285952,763.8217241379311
948.017307094232,762.4658275862068
948.330880015648,767.4374482758622
948.6444070501999,771.053172413793
948.957888197888,767.6634310344828
949.2713234587119,764.9516379310346
949.584712832672,770.6012068965518
949.8980563197679,747.5509655172415
950.21135392,757.4942068965518
950.524605633368,772.1830862068965
950.837811459872,757.946172413793
951.150971399512,755.0083965517242
951.4640854522879,757.7201896551722
951.7771536182,764.9516379310345
952.0901758972478,761.5618965517242
952.403152289432,756.3642931034483
952.7160827947519,760.6579655172413
953.028967413208,761.5618965517242
953.3418061447999,754.1044655172414
953.654598989528,765.1776206896552
953.9673459473919,770.375224137931
954.280047018392,757.7201896551725
954.5927022025279,774.8948793103448
954.9053114998,764.0477068965517
955.2178749102079,762.9177931034484
955.5303924337519,756.5902758620689
955.842864070432,731.2802068965517
956.1552898202478,761.5618965517241
956.4676696832,759.0760862068965
956.7800036592879,755.912327586207
957.092291748512,760.206
957.404533950872,753.4265172413793
957.7167302663679,758.8501034482758
958.028880695,771.9571034482759
958.340985236768,768.1153965517243
958.6530438916719,752.9745517241379
958.965056659712,756.1383103448277
959.277023540888,750.2627586206896
959.5889445351999,774.6688965517242
959.900819642648,771.7311206896552
960.212648863232,761.3359137931034
960.524432196952,769.2453103448277
960.8361696438079,756.1383103448277
961.1478612038,753.4265172413793
961.4595068769279,765.8555689655173
961.771106663192,769.4712931034483
962.082660562592,760.6579655172413
962.394168575128,770.8271896551723
962.7056307007999,763.3697586206897
963.0170469396079,746.8730172413792
963.328417291552,750.0367758620689
963.6397417566319,758.6241206896551
963.951020334848,746.1950689655172
964.2622530261999,768.1153965517241
964.573439830688,767.8894137931035
964.8845807483119,754.5564310344828
965.195675779072,750.0367758620689
965.5067249229679,763.821724137931
965.8177281799999,775.7988103448275
966.1286855501679,753.8784827586206
966.439597033472,756.8162586206897
966.750462629912,751.392672413793
967.0612823394879,785.9680344827586
967.3720561622,754.1044655172412
967.6827840980479,753.8784827586207
967.993466147032,772.1830862068966
968.304102309152,764.499672413793
968.614692584408,758.8501034482758
968.9252369727999,754.7824137931035
969.235735474328,750.2627586206896
969.5461880889919,747.5509655172414
969.8565948167919,759.7540344827586
970.166955657728,747.5509655172414
970.4772706117999,755.2343793103448
970.787539679008,763.1437758620689
971.0977628593519,755.912327586207
971.407940152832,758.1721551724138
971.7180715594479,770.1492413793103
972.0281570792,759.0760862068967
972.3381967120879,757.4942068965518
972.6481904581119,767.8894137931035
972.958138317272,771.2791551724138
973.2680402895679,757.4942068965518
973.5778963749999,765.4036034482758
973.8877065735679,757.4942068965518
974.197470885272,767.8894137931036
974.507189310112,758.6241206896552
974.816861848088,760.6579655172415
975.1264884991999,747.776948275862
975.436069263448,753.4265172413793
975.7456041408319,760.6579655172413
976.0550931313519,753.4265172413793
976.3645362350079,762.465827586207
976.6739334517999,750.2627586206897
976.983284781728,771.0531724137929
977.292590224792,775.1208620689656
977.601849780992,771.9571034482759
977.911063450328,740.7714827586208
978.2202312328,770.1492413793104
978.5293531284079,750.9407068965518
978.8384291371519,759.5280517241379
979.147459259032,748.0029310344828
979.456443494048,768.3413793103448
979.7653818422,757.7201896551726
980.0742743034879,745.7431034482759
980.383120877912,761.5618965517242
980.6919215654721,764.2736896551726
981.000676366168,751.1666896551724
981.3093852799999,759.7540344827587
981.618048306968,744.3872068965518
981.9266654470721,750.9407068965518
982.2352367003118,757.268224137931
982.5437620666879,772.4090689655171
982.8522415462,749.5848103448276
983.1606751388479,768.5673620689655
983.4690628446318,764.9516379310345
983.7774046635519,750.2627586206896
984.085700595608,773.9909482758621
984.3939506408,765.4036034482758
984.7021547991278,761.3359137931035
985.010313070592,749.5848103448275
985.3184254551921,769.4712931034483
985.626491952928,754.3304482758621
985.9345125637999,748.2289137931034
986.242487287808,757.7201896551725
986.5504161249519,766.9854827586206
986.8582990752318,754.3304482758621
987.166136138648,772.1830862068966
987.4739273152001,747.0989999999999
987.781672604888,769.0193275862068
988.0893720077119,752.0706206896551
988.397025523672,761.7878793103448
988.7046331527681,759.5280517241379
989.012194895,758.6241206896551
989.3197107503679,771.5051379310345
989.6271807188721,757.9461724137932
989.9346048005119,748.9068620689653
990.2419829952878,766.0815517241379
990.5493153031999,759.3020689655174
990.8566017242481,788.6798275862068
991.1638422584319,744.3872068965518
991.4710369057518,770.375224137931
991.778185666208,737.607724137931
992.0852885398001,760.4319827586207
992.392345526528,750.2627586206897
992.6993566263919,754.330448275862
993.0063218393921,746.4210517241379
993.3132411655279,752.9745517241379
993.6201146047998,774.6688965517242
993.9269421572079,741.9013965517241
994.233723822752,764.7256551724138
994.540459601432,761.5618965517242
994.8471494932478,757.4942068965516
995.1537934982,754.1044655172414
995.4603916162881,765.4036034482758
995.7669438475119,748.6808793103448
996.0734501918719,763.8217241379311
996.379910649368,757.946172413793
996.6863252200001,753.6524999999999
996.9926939037678,762.6918103448276
997.2990167006719,743.7092586206896
997.605293610712,738.7376379310346
997.9115246338879,772.4090689655172
998.2177097701998,769.0193275862068
998.523849019648,753.6525
998.829942382232,752.7485689655173
999.1359898579519,767.6634310344828
999.4419914468078,758.1721551724139
999.7479471488,752.0706206896551
1000.0538569639281,775.7988103448276
1000.3597208921921,766.0815517241379
1000.665538933592,751.8446379310344
1000.971311088128,757.4942068965516
1001.2770373558,766.9854827586207
1001.5827177366078,771.7311206896551
1001.888352230552,763.5957413793103
1002.1939408376321,762.6918103448276
1002.499483557848,764.9516379310346
1002.8049803911998,759.0760862068967
1003.1104313376879,765.1776206896551
1003.4158363973121,776.928724137931
1003.721195570072,769.0193275862068
1004.0265088559679,761.561896551724
1004.331776255,757.268224137931
1004.6369977671679,768.7933448275862
1004.9421733924718,748.4548965517241
1005.247303130912,773.5389827586207
1005.5523869824881,762.4658275862068
1005.8574249472,765.4036034482759
1006.1624170250478,764.7256551724138
1006.467363216032,768.5673620689655
1006.7722635201521,765.8555689655171
1007.077117937408,764.7256551724138
1007.3819264677999,761.3359137931036
1007.686689111328,757.4942068965518
1007.991405867992,764.9516379310345
1008.2960767377919,758.3981379310345
1008.6007017207279,748.2289137931035
1008.9052808168001,770.1492413793104
1009.209814026008,755.4603620689655
1009.5143013483519,761.7878793103448
1009.818742783832,765.1776206896553
1010.1231383324481,756.3642931034482
1010.4274879942,760.206
1010.7317917690879,756.5902758620689
1011.036049657112,779.4145344827587
1011.3402616582719,767.2114655172414
1011.6444277725678,771.2791551724138
1011.948548,766.081551724138
1012.252622340568,758.8501034482758
1012.556650794272,761.7878793103449
1012.8606333611118,767.4374482758619
1013.1645700410879,777.606672413793
1013.4684608342001,760.883948275862
1013.772305740448,760.8839482758622
1014.0761047598319,781.4483793103449
1014.379857892352,755.6863448275861
1014.6835651380081,759.5280517241379
1014.9872264967997,767.6634310344828
1015.2908419687279,764.4996724137931
1015.594411553792,756.1383103448277
1015.897935251992,748.9068620689654
1016.2014130633278,748.2289137931035
1016.5048449878,759.528051724138
1016.8082310254081,755.4603620689655
1017.111571176152,751.3926724137931
1017.4148654400319,768.793344827586
1017.718113817048,760.6579655172415
1018.0213163072001,749.8107931034483
1018.324472910488,750.9407068965518
1018.6275836269119,769.6972758620689
1018.930648456472,754.5564310344828
1019.2336673991679,769.2453103448275
1019.5366404549998,759.7540344827587
1019.8395676239679,765.8555689655173
1020.1424489060721,763.3697586206896
1020.445284301312,744.3872068965517
1020.7480738096879,770.3752241379311
1021.0508174312,772.8610344827587
1021.3535151658481,766.9854827586206
1021.656167013632,757.4942068965518
1021.958772974552,764.9516379310345
1022.261333048608,767.8894137931035
1022.5638472357999,763.143775862069
1022.8663155361278,758.8501034482758
1023.1687379495919,769.2453103448277
1023.471114476192,765.1776206896552
1023.773445115928,743.2572931034482
1024.0757298688,748.9068620689656
1024.377968734808,763.143775862069
1024.6801617139522,761.1099310344829
1024.982308806232,765.1776206896551
1025.2844100116479,742.5793448275863
1025.5864653302,773.5389827586207
1025.888474761888,777.1547068965517
1026.1904383067117,753.4265172413793
1026.492355964672,763.821724137931
1026.7942277357681,764.9516379310345
1027.09605362,757.9461724137932
1027.3978336173677,776.2507758620688
1027.699567727872,757.4942068965518
1028.0012559515121,752.2966034482758
1028.302898288288,764.9516379310345
1028.6044947382,760.206
1028.906045301248,774.4429137931035
1029.2075499774319,758.8501034482758
1029.5090087667518,769.4712931034481
1029.810421669208,750.7147241379312
1030.1117886848,771.5051379310345
1030.4131098135279,763.5957413793103
1030.7143850553919,769.2453103448275
1031.015614410392,757.2682241379309
1031.3167978785282,753.6524999999999
1031.6179354598,766.5335172413792
1031.919027154208,763.1437758620689
1032.220072961752,752.7485689655173
1032.521072882432,765.1776206896551
1032.8220269162478,768.3413793103448
1033.1229350632,766.3075344827585
1033.423797323288,768.1153965517241
1033.7246136965118,748.2289137931035
1034.025384182872,760.6579655172415
1034.326108782368,773.0870172413793
1034.6267874950001,755.9123275862069
1034.9274203207679,759.5280517241379
1035.2280072596718,749.1328448275862
1035.528548311712,764.4996724137931
1035.829043476888,734.669948275862
1036.1294927552,761.5618965517242
1036.429896146648,758.8501034482758
1036.730253651232,765.8555689655174
1037.030565268952,757.4942068965516
1037.3308309998079,761.1099310344827
1037.6310508438,757.2682241379312
1037.931224800928,773.0870172413794
1038.231352871192,762.6918103448276
1038.5314350545918,771.5051379310345
1038.831471351128,759.9800172413793
1039.1314617608,757.0422413793103
1039.4314062836079,773.9909482758621
1039.7313049195518,759.9800172413793
1040.031157668632,780.7704310344827
1040.330964530848,776.4767586206897
1040.6307255061997,772.6350517241378
1040.930440594688,766.9854827586206
1041.230109796312,755.9123275862069
1041.529733111072,763.5957413793104
1041.8293105389678,740.3195172413792
1042.12884208,769.4712931034481
1042.428327734168,793.8774310344828
1042.727767501472,769.9232586206897
1043.0271613819118,756.1383103448276
1043.326509375488,762.0138620689655
1043.6258114821999,766.5335172413794
1043.9250677020477,768.5673620689656
1044.2242780350318,765.177620689655
1044.523442481152,762.4658275862068
1044.822561040408,765.1776206896552
1045.1216337127998,766.3075344827586
1045.420660498328,766.7595000000001
1045.719641396992,763.143775862069
1046.018576408792,765.1776206896551
1046.317465533728,768.1153965517241
1046.6163087718,762.4658275862068
1046.915106123008,764.9516379310346
1047.2138575873519,765.8555689655174
1047.5125631648318,760.2060000000001
1047.811222855448,755.2343793103448
1048.1098366592,757.0422413793106
1048.4084045760878,772.8610344827587
1048.706926606112,762.0138620689655
1049.005402749272,751.6186551724138
1049.3038330055679,767.4374482758622
1049.6022173749998,771.053172413793
1049.900555857568,765.4036034482758
1050.1988484532721,743.0313103448275
1050.4970951621117,743.4832758620689
1050.795295984088,756.5902758620689
1051.0934509192,750.4887413793102
1051.3915599674478,738.963620689655
1051.6896231288317,756.5902758620689
1051.9876404033519,756.5902758620689
1052.285611791008,773.3129999999999
1052.5835372918,758.1721551724138
1052.8814169057277,777.1547068965517
1053.179250632792,787.3239310344827
1053.477038472992,752.7485689655173
1053.774780426328,765.6295862068966
1054.0724764928,769.2453103448277
1054.370126672408,773.9909482758619
1054.6677309651518,768.7933448275861
1054.9652893710318,762.0138620689655
1055.262801890048,766.9854827586207
1055.5602685222,761.1099310344828
1055.857689267488,766.9854827586207
1056.1550641259118,741.4494310344828
1056.452393097472,764.0477068965516
1056.749676182168,761.1099310344828
1057.04691338,756.5902758620689
1057.344104690968,761.7878793103448
1057.6412501150721,753.2005344827587
1057.938349652312,760.4319827586207
1058.2354033026877,773.7649655172415
1058.5324110662,758.1721551724138
1058.829372942848,754.3304482758621
1059.126288932632,755.4603620689654
1059.4231590355519,748.0029310344828
1059.719983251608,759.3020689655173
1060.0167615808,767.437448275862
1060.313494023128,764.0477068965517
1060.6101805785918,753.4265172413792
1060.906821247192,753.6524999999999
1061.203416028928,779.4145344827587
1061.4999649237998,771.0531724137929
1061.796467931808,777.1547068965517
1062.092925052952,751.3926724137932
1062.389336287232,761.1099310344828
1062.6857016346478,770.8271896551726
1062.9820210952,765.8555689655173
1063.278294668888,748.0029310344828
1063.574522355712,765.1776206896551
1063.8707041556718,749.5848103448277
1064.166840068768,753.4265172413792
1064.462930095,767.6634310344828
1064.7589742343678,776.4767586206897
1065.054972486872,744.6131896551723
1065.350924852512,771.9571034482758
1065.646831331288,759.3020689655173
1065.9426919231998,769.9232586206897
1066.238506628248,764.4996724137931
1066.534275446432,786.6459827586207
1066.829998377752,754.5564310344828
1067.125675422208,792.0695689655172
1067.4213065797999,769.6972758620689
1067.716891850528,768.1153965517242
1068.0124312343917,775.3468448275861
1068.307924731392,769.4712931034483
1068.603372341528,766.9854827586207
1068.8987740648,768.5673620689655
1069.1941299012078,768.1153965517242
1069.489439850752,755.9123275862069
1069.7847039134322,747.5509655172414
1070.079922089248,754.1044655172415
1070.3750943782,768.7933448275862
1070.670220780288,796.5892241379311
1070.965301295512,760.206
1071.260335923872,774.6688965517243
1071.5553246653678,769.697275862069
1071.85026752,769.697275862069
1072.145164487768,763.1437758620689
1072.4400155686717,779.6405172413793
1072.734820762712,763.1437758620689
1073.029580069888,757.4942068965518
1073.3242934902,756.5902758620689
1073.618961023648,752.5225862068967
1073.913582670232,755.4603620689655
1074.2081584299522,780.5444482758621
1074.5026883028079,757.7201896551724
1074.7971722887999,756.5902758620689
1075.091610387928,768.7933448275863
1075.386002600192,769.6972758620689
1075.6803489255917,776.4767586206897
1075.974649364128,771.5051379310346
1076.2689039158001,776.0247931034482
1076.563112580608,765.4036034482758
1076.8572753585518,763.1437758620689
1077.151392249632,743.7092586206898
1077.4454632538482,769.0193275862069
1077.7394883712,756.1383103448277
1078.0334676016878,771.5051379310346
1078.327400945312,764.4996724137931
1078.621288402072,776.4767586206897
1078.9151299719679,775.1208620689655
1079.2089256549998,777.606672413793
1079.502675451168,761.3359137931034
1079.796379360472,772.1830862068966
1080.0900373829118,764.4996724137931
1080.383649518488,772.8610344827587
1080.6772157672,758.8501034482758
1080.970736129048,750.7147241379311
1081.2642106040319,765.6295862068966
1081.557639192152,762.9177931034482
1081.8510218934082,773.5389827586207
1082.1443587077997,761.1099310344828
1082.437649635328,758.1721551724138
1082.730894675992,748.6808793103448
1083.024093829792,744.6131896551724
1083.317247096728,748.2289137931034
1083.6103544768,748.454896551724
1083.9034159700082,767.2114655172414
1084.1964315763519,763.821724137931
1084.4894012958318,772.8610344827587
1084.782325128448,763.8217241379309
1085.0752030742,761.5618965517242
1085.368035133088,757.9461724137931
1085.660821305112,766.7595
1085.953561590272,772.4090689655172
1086.246255988568,757.9461724137931
1086.5389044999997,757.9461724137931
1086.831507124568,755.0083965517242
1087.1240638622721,763.5957413793104
1087.416574713112,765.6295862068965
1087.7090396770877,754.1044655172414
1088.0014587542,762.0138620689655
1088.2938319444481,759.7540344827587
1088.586159247832,783.0302586206897
1088.878440664352,754.330448275862
1089.170676194008,761.7878793103448
1089.4628658368,776.0247931034484
1089.755009592728,747.776948275862
1090.047107461792,758.3981379310346
1090.339159443992,775.3468448275862
1090.6311655393279,755.6863448275861
1090.9231257477998,753.4265172413792
1091.215040069408,774.2169310344827
1091.506908504152,764.2736896551726
1091.798731052032,747.0989999999999
1092.0905077130478,762.2398448275861
1092.3822384872,759.9800172413794
1092.673923374488,763.8217241379311
1092.9655623749118,753.4265172413793
1093.2571554884719,757.0422413793103
1093.548702715168,766.7595000000001
1093.840204055,766.7595000000001
1094.131659507968,762.9177931034483
1094.423069074072,746.4210517241379
1094.7144327533122,795.6852931034483
1095.005750545688,767.2114655172414
1095.2970224511998,783.9341896551723
1095.588248469848,771.2791551724138
1095.8794286016318,770.8271896551724
1096.1705628465518,758.8501034482758
1096.461651204608,765.6295862068966
1096.7526936758,771.5051379310346
1097.043690260128,763.5957413793103
1097.3346409575918,772.1830862068965
1097.6255457681918,752.5225862068966
1097.9164046919282,754.1044655172414
1098.2072177288,768.3413793103448
1098.497984878808,745.0651551724138
1098.788706141952,769.9232586206897
1099.0793815182321,777.1547068965516
1099.3700110076477,771.9571034482758
1099.6605946102,761.1099310344828
1099.951132325888,777.1547068965518
1100.2416241547119,771.5051379310346
1100.5320700966718,760.4319827586207
1100.822470151768,745.7431034482759
1101.11282432,755.0083965517242
1101.403132601368,763.3697586206897
1101.6933949958718,755.9123275862069
1101.983611503512,760.6579655172413
1102.2737821242881,768.3413793103448
1102.5639068582,785.7420517241378
1102.8539857052479,769.2453103448277
1103.144018665432,780.544448275862
1103.434005738752,776.4767586206896
1103.7239469252079,748.9068620689656
1104.0138422247999,773.0870172413794
1104.3036916375281,753.8784827586207
1104.593495163392,743.4832758620689
1104.8832528023918,749.5848103448276
1105.1729645545279,740.7714827586206
1105.4626304198,746.8730172413794
1105.752250398208,763.5957413793104
1106.041824489752,759.0760862068964
1106.331352694432,770.375224137931
1106.6208350122479,765.6295862068964
1106.9102714431997,764.9516379310345
1107.199661987288,751.8446379310346
1107.489006644512,778.5106034482758
1107.778305414872,754.3304482758621
1108.0675582983679,769.697275862069
1108.356765295,768.1153965517241
1108.645926404768,766.7595
1108.935041627672,760.883948275862
1109.2241109637118,772.4090689655173
1109.5131344128881,754.5564310344827
1109.8021119752,764.4996724137932
1110.0910436506479,735.7998620689656
1110.379929439232,755.4603620689655
1110.668769340952,743.483275862069
1110.957563355808,785.7420517241378
1111.2463114838,767.2114655172414
1111.535013724928,753.4265172413792
1111.8236700791922,774.8948793103448
1112.112280546592,756.5902758620689
1112.400845127128,763.5957413793103
1112.6893638208,758.8501034482758
1112.977836627608,771.053172413793
1113.2662635475517,746.8730172413792
1113.554644580632,771.9571034482758
1113.842979726848,762.4658275862068
1114.1312689862,768.3413793103448
1114.4195123586878,758.6241206896552
1114.707709844312,739.867551724138
1114.995861443072,767.2114655172414
1115.283967154968,766.3075344827588
1115.57202698,771.2791551724138
1115.860040918168,767.4374482758622
1116.1480089694721,765.1776206896552
1116.4359311339117,740.0935344827586
1116.723807411488,759.5280517241379
1117.0116378022,758.1721551724138
1117.299422306048,749.8107931034482
1117.587160923032,750.0367758620689
1117.874853653152,781.4483793103449
1118.162500496408,766.7594999999999
1118.4501014528,773.5389827586207
1118.7376565223278,758.6241206896551
1119.0251657049919,765.1776206896552
1119.3126290007922,747.3249827586208
1119.600046409728,762.9177931034484
1119.8874179318,768.3413793103449
1120.174743567008,775.3468448275862
1120.4620233153519,750.036775862069
1120.7492571768319,767.4374482758622
1121.0364451514479,759.7540344827587
1121.3235872392002,751.1666896551725
1121.610683440088,751.3926724137931
1121.8977337541119,757.4942068965518
1122.184738181272,760.206
1122.4716967215682,750.2627586206896
1122.758609375,760.883948275862
1123.0454761415679,762.2398448275861
1123.332297021272,774.4429137931036
1123.619072014112,752.974551724138
1123.9058011200877,748.0029310344828
1124.1924843391998,769.0193275862068
1124.479121671448,763.5957413793103
1124.7657131168319,764.4996724137932
1125.0522586753518,759.9800172413794
1125.338758347008,739.4155862068965
1125.6252121318,750.036775862069
1125.911620029728,755.686344827586
1126.1979820407919,741.4494310344827
1126.484298164992,770.8271896551723
1126.7705684023279,756.3642931034483
1127.0567927527998,766.3075344827587
1127.342971216408,758.624120689655
1127.6291037931521,762.9177931034483
1127.915190483032,758.6241206896552
1128.201231286048,764.4996724137931
1128.4872262022,769.0193275862068
1128.773175231488,737.1557586206897
1129.059078373912,772.8610344827587
1129.3449356294718,783.2562413793104
1129.630746998168,759.528051724138
1129.9165124800002,740.7714827586208
1130.2022320749677,775.7988103448276
1130.487905783072,769.697275862069
1130.773533604312,767.8894137931035
1131.0591155386878,767.2114655172415
1131.3446515862,777.8326551724138
1131.630141746848,765.8555689655173
1131.915586020632,747.7769482758621
1132.200984407552,758.3981379310345
1132.486336907608,758.3981379310345
1132.7716435208,741.223448275862
1133.0569042471282,764.4996724137932
1133.3421190865918,766.7595
1133.6272880391919,755.0083965517241
1133.912411104928,755.6863448275863
1134.1974882837999,756.1383103448276
1134.4825195758078,765.8555689655171
1134.767504980952,759.9800172413794
1135.052444499232,749.5848103448276
1135.337338130648,760.6579655172413
1135.6221858751999,752.7485689655172
1135.906987732888,781.6743620689655
1136.191743703712,759.5280517241379
1136.476453787672,770.1492413793103
1136.761117984768,767.437448275862
1137.045736295,749.3588275862069
1137.3303087183679,778.0586379310345
1137.6148352548719,773.7649655172414
1137.899315904512,773.7649655172415
1138.183750667288,748.6808793103448
1138.4681395431999,768.3413793103448
1138.7524825322478,771.5051379310344
1139.036779634432,758.1721551724138
1139.321030849752,767.6634310344828
1139.605236178208,773.0870172413794
1139.8893956197999,778.7365862068965
1140.173509174528,760.883948275862
1140.457576842392,769.6972758620689
1140.7415986233918,745.9690862068966
1141.025574517528,782.3523103448276
1141.3095045248,752.296603448276
1141.593388645208,755.912327586207
1141.8772268787518,763.3697586206896
1142.161019225432,756.1383103448276
1142.444765685248,749.8107931034483
1142.7284662582,760.6579655172415
1143.012120944288,763.821724137931
1143.295729743512,769.4712931034483
1143.579292655872,759.7540344827587
1143.8628096813677,762.6918103448276
1144.14628082,769.9232586206897
1144.4297060717681,764.0477068965516
1144.713085436672,766.081551724138
1144.9964189147117,753.2005344827587
1145.279706505888,773.5389827586208
1145.5629482102001,762.2398448275861
1145.846144027648,764.7256551724138
1146.1292939582318,755.4603620689655
1146.412398001952,766.0815517241379
1146.6954561588082,770.375224137931
1146.9784684287997,778.5106034482758
1147.261434811928,768.5673620689654
1147.544355308192,762.465827586207
1147.827229917592,765.8555689655173
1148.1100586401278,758.8501034482758
1148.3928414758,772.4090689655173
1148.6755784246081,769.4712931034484
1148.958269486552,758.8501034482758
1149.240914661632,748.9068620689656
1149.523513949848,769.6972758620689
1149.8060673512,767.4374482758622
1150.088574865688,764.9516379310345
1150.371036493312,774.4429137931036
1150.6534522340721,761.3359137931033
1150.9358220879678,797.4931551724139
1151.2181460549998,769.0193275862068
1151.500424135168,744.3872068965518
1151.782656328472,776.0247931034485
1152.0648426349119,755.2343793103449
1152.3469830544877,757.4942068965518
1152.6290775872,758.3981379310346
1152.911126233048,788.9058103448276
1153.193128992032,771.053172413793
1153.4750858641519,768.1153965517242
1153.756996849408,760.4319827586207
1154.0388619478,757.7201896551724
1154.3206811593277,766.7595
1154.602454483992,764.9516379310345
1154.884181921792,752.5225862068964
1155.165863472728,763.1437758620689
1155.4474991368,753.2005344827586
1155.729088914008,749.1328448275862
1156.010632804352,772.1830862068966
1156.2921308078319,759.5280517241379
1156.573582924448,758.8501034482758
1156.8549891542,769.697275862069
1157.1363494970878,758.6241206896551
1157.4176639531117,769.0193275862069
1157.698932522272,778.5106034482759
1157.980155204568,766.5335172413791
1158.261332,760.8839482758619
1158.5424629085678,766.0815517241381
1158.823547930272,752.070620689655
1159.1045870651121,758.1721551724138
1159.385580313088,750.4887413793105
1159.6665276741999,759.0760862068967
1159.947429148448,756.3642931034482
1160.228284735832,754.3304482758621
1160.5090944363517,772.8610344827587
1160.789858250008,756.1383103448276
1161.0705761768,745.9690862068966
1161.351248216728,769.6972758620689
1161.6318743697918,781.6743620689655
1161.912454635992,772.4090689655173
1162.192989015328,770.1492413793104
1162.4734775078,771.5051379310345
1162.753920113408,748.0029310344829
1163.034316832152,747.0989999999999
1163.3146676640322,760.6579655172415
1163.5949726090478,736.0258448275861
1163.8752316671998,750.036775862069
1164.155444838488,753.4265172413794
1164.4356121229118,749.8107931034483
1164.7157335204718,781.6743620689656
1164.995809031168,782.5782931034482
1165.2758386550001,755.4603620689655
1165.555822391968,755.4603620689655
1165.835760242072,750.2627586206899
1166.115652205312,774.2169310344827
1166.395498281688,766.3075344827587
1166.6752984712,767.437448275862
1166.955052773848,771.9571034482758
1167.234761189632,748.6808793103448
1167.5144237185518,776.4767586206897
1167.7940403606078,778.7365862068965
1168.0736111157998,743.9352413793104
1168.3531359841281,755.0083965517242
1168.632614965592,769.2453103448275
1168.9120480601919,765.4036034482758
1169.191435267928,761.3359137931034
1169.4707765888002,765.8555689655174
1169.750072022808,755.4603620689655
1170.029321569952,748.2289137931034
1170.308525230232,752.9745517241379
1170.587683003648,757.9461724137931
1170.8667948901998,761.7878793103448
1171.145860889888,752.5225862068967
1171.424881002712,757.268224137931
